reason_for_absence,month_of_absence,day_of_week,season,transportation_expense,distance_to_work,service_time,age,workload_average,hit_target,disciplinary_failure,education,son,social_drinker,social_smoker,pet,weight,height,bmi,absenteeism_hours,bmi_category,is_risky_lifestyle,is_high_absentee,ID
26,,,,289,36,13,33,239.554,97,0,,2,1,0,1,90,172,30,4,obese,0,0,11
0,,,,118,13,18,50,239.554,97,1,,1,1,0,0,98,178,31,0,obese,0,0,36
23,,,,179,51,18,38,239.554,97,0,,0,1,0,0,89,170,31,2,obese,0,0,3
7,,,,279,5,14,39,239.554,97,0,,2,1,1,0,68,168,24,4,normal,1,0,7
23,,,,289,36,13,33,239.554,97,0,,2,1,0,1,90,172,30,2,obese,0,0,11
23,,,,179,51,18,38,239.554,97,0,,0,1,0,0,89,170,31,2,obese,0,0,3
22,,,,361,52,3,28,239.554,97,0,,1,1,0,4,80,172,27,8,overweight,0,0,10
23,,,,260,50,11,36,239.554,97,0,,4,1,0,0,65,168,23,4,normal,0,0,20
19,,,,155,12,14,34,239.554,97,0,,2,1,0,0,95,196,25,40,overweight,0,1,14
22,,,,235,11,14,37,239.554,97,0,,1,0,0,1,88,172,29,8,overweight,0,0,1
1,,,,260,50,11,36,239.554,97,0,,4,1,0,0,65,168,23,8,normal,0,0,20
1,,,,260,50,11,36,239.554,97,0,,4,1,0,0,65,168,23,8,normal,0,0,20
11,,,,260,50,11,36,239.554,97,0,,4,1,0,0,65,168,23,8,normal,0,0,20
11,,,,179,51,18,38,239.554,97,0,,0,1,0,0,89,170,31,1,obese,0,0,3
23,,,,179,51,18,38,239.554,97,0,,0,1,0,0,89,170,31,4,obese,0,0,3
14,,,,246,25,16,41,239.554,97,0,,0,1,0,0,67,170,23,8,normal,0,0,24
23,,,,179,51,18,38,239.554,97,0,,0,1,0,0,89,170,31,2,obese,0,0,3
21,,,,179,51,18,38,239.554,97,0,,0,1,0,0,89,170,31,8,obese,0,0,3
11,,,,189,29,13,33,239.554,97,0,,2,0,0,2,69,167,25,8,overweight,0,0,6
23,,,,248,25,14,47,205.917,92,0,,2,0,0,1,86,165,32,2,obese,0,0,33
10,,,,330,16,4,28,205.917,92,0,,0,0,0,0,84,182,25,8,overweight,0,0,18
11,,,,179,51,18,38,205.917,92,0,,0,1,0,0,89,170,31,1,obese,0,0,3
13,,,,361,52,3,28,205.917,92,0,,1,1,0,4,80,172,27,40,overweight,0,1,10
28,,,,260,50,11,36,205.917,92,0,,4,1,0,0,65,168,23,4,normal,0,0,20
18,,,,289,36,13,33,205.917,92,0,,2,1,0,1,90,172,30,8,obese,0,0,11
25,,,,361,52,3,28,205.917,92,0,,1,1,0,4,80,172,27,7,overweight,0,0,10
23,,,,289,36,13,33,205.917,92,0,,2,1,0,1,90,172,30,1,obese,0,0,11
28,,,,157,27,6,29,205.917,92,0,,0,1,1,0,75,185,22,4,normal,1,0,30
18,,,,289,36,13,33,205.917,92,0,,2,1,0,1,90,172,30,8,obese,0,0,11
23,,,,179,51,18,38,205.917,92,0,,0,1,0,0,89,170,31,2,obese,0,0,3
18,,,,179,51,18,38,205.917,92,0,,0,1,0,0,89,170,31,8,obese,0,0,3
18,,,,235,29,12,48,205.917,92,0,,1,0,1,5,88,163,33,8,obese,0,0,2
23,,,,235,11,14,37,205.917,92,0,,1,0,0,1,88,172,29,4,overweight,0,0,1
18,,,,235,29,12,48,205.917,92,0,,1,0,1,5,88,163,33,8,obese,0,0,2
23,,,,179,51,18,38,205.917,92,0,,0,1,0,0,89,170,31,2,obese,0,0,3
23,,,,361,52,3,28,205.917,92,0,,1,1,0,4,80,172,27,1,overweight,0,0,10
24,,,,289,36,13,33,205.917,92,0,,2,1,0,1,90,172,30,8,obese,0,0,11
11,,,,291,50,12,32,205.917,92,0,,0,1,0,0,65,169,23,4,normal,0,0,19
28,,,,235,29,12,48,205.917,92,0,,1,0,1,5,88,163,33,8,obese,0,0,2
23,,,,260,50,11,36,205.917,92,0,,4,1,0,0,65,168,23,4,normal,0,0,20
23,,,,184,42,7,27,241.476,92,0,,0,0,0,0,58,167,21,2,normal,0,0,27
23,,,,118,10,10,37,241.476,92,0,,0,0,0,0,83,172,28,4,overweight,0,0,34
23,,,,179,51,18,38,241.476,92,0,,0,1,0,0,89,170,31,4,obese,0,0,3
19,,,,235,20,13,43,241.476,92,0,,1,1,0,0,106,167,38,8,obese,0,0,5
23,,,,155,12,14,34,241.476,92,0,,2,1,0,0,95,196,25,2,overweight,0,0,14
23,,,,118,10,10,37,241.476,92,0,,0,0,0,0,83,172,28,3,overweight,0,0,34
23,,,,179,51,18,38,241.476,92,0,,0,1,0,0,89,170,31,3,obese,0,0,3
23,,,,291,31,12,40,241.476,92,0,,1,1,0,1,73,171,25,4,overweight,0,0,15
22,,,,260,50,11,36,241.476,92,0,,4,1,0,0,65,168,23,8,normal,0,0,20
14,,,,291,31,12,40,241.476,92,0,,1,1,0,1,73,171,25,32,overweight,0,1,15
0,,,,260,50,11,36,241.476,92,1,,4,1,0,0,65,168,23,0,normal,0,0,20
0,,,,225,26,9,28,241.476,92,1,,1,0,0,2,69,169,24,0,normal,0,0,29
23,,,,225,26,9,28,241.476,92,0,,1,0,0,2,69,169,24,2,normal,0,0,28
23,,,,118,10,10,37,241.476,92,0,,0,0,0,0,83,172,28,2,overweight,0,0,34
0,,,,289,36,13,33,241.476,92,1,,2,1,0,1,90,172,30,0,obese,0,0,11
0,,,,118,13,18,50,241.476,92,1,,1,1,0,0,98,178,31,0,obese,0,0,36
18,,,,225,26,9,28,241.476,92,0,,1,0,0,2,69,169,24,3,normal,0,0,28
23,,,,179,51,18,38,241.476,92,0,,0,1,0,0,89,170,31,3,obese,0,0,3
0,,,,369,17,12,31,241.476,92,1,,3,1,0,0,70,169,25,0,overweight,0,0,13
23,,,,248,25,14,47,241.476,92,0,,2,0,0,1,86,165,32,1,obese,0,0,33
23,,,,179,51,18,38,241.476,92,0,,0,1,0,0,89,170,31,3,obese,0,0,3
23,,,,260,50,11,36,241.476,92,0,,4,1,0,0,65,168,23,4,normal,0,0,20
23,,,,179,51,18,38,253.465,93,0,,0,1,0,0,89,170,31,3,obese,0,0,3
23,,,,118,10,10,37,253.465,93,0,,0,0,0,0,83,172,28,3,overweight,0,0,34
0,,,,118,13,18,50,253.465,93,1,,1,1,0,0,98,178,31,0,obese,0,0,36
23,,,,179,26,9,30,253.465,93,0,,0,0,0,0,56,171,19,1,normal,0,0,22
23,,,,179,51,18,38,253.465,93,0,,0,1,0,0,89,170,31,3,obese,0,0,3
23,,,,225,26,9,28,253.465,93,0,,1,0,0,2,69,169,24,3,normal,0,0,28
23,,,,118,10,10,37,253.465,93,0,,0,0,0,0,83,172,28,3,overweight,0,0,34
23,,,,225,26,9,28,253.465,93,0,,1,0,0,2,69,169,24,2,normal,0,0,28
23,,,,248,25,14,47,253.465,93,0,,2,0,0,1,86,165,32,2,obese,0,0,33
23,,,,291,31,12,40,253.465,93,0,,1,1,0,1,73,171,25,5,overweight,0,0,15
23,,,,179,51,18,38,253.465,93,0,,0,1,0,0,89,170,31,8,obese,0,0,3
23,,,,225,26,9,28,253.465,93,0,,1,0,0,2,69,169,24,3,normal,0,0,28
19,,,,260,50,11,36,253.465,93,0,,4,1,0,0,65,168,23,16,normal,0,1,20
14,,,,291,31,12,40,253.465,93,0,,1,1,0,1,73,171,25,8,overweight,0,0,15
28,,,,225,26,9,28,253.465,93,0,,1,0,0,2,69,169,24,2,normal,0,0,28
26,,,,289,36,13,33,253.465,93,0,,2,1,0,1,90,172,30,8,obese,0,0,11
23,,,,361,52,3,28,253.465,93,0,,1,1,0,4,80,172,27,1,overweight,0,0,10
28,,,,260,50,11,36,253.465,93,0,,4,1,0,0,65,168,23,3,normal,0,0,20
23,,,,179,51,18,38,306.345,93,0,,0,1,0,0,89,170,31,1,obese,0,0,3
23,,,,225,26,9,28,306.345,93,0,,1,0,0,2,69,169,24,1,normal,0,0,28
13,,,,179,51,18,38,306.345,93,0,,0,1,0,0,89,170,31,8,obese,0,0,3
21,,,,179,22,17,40,306.345,93,0,,2,0,1,0,63,170,22,8,normal,0,0,17
23,,,,291,31,12,40,306.345,93,0,,1,1,0,1,73,171,25,5,overweight,0,0,15
10,,,,155,12,14,34,306.345,93,0,,2,1,0,0,95,196,25,32,overweight,0,1,14
22,,,,189,29,13,33,306.345,93,0,,2,0,0,2,69,167,25,8,overweight,0,0,6
14,,,,291,31,12,40,306.345,93,0,,1,1,0,1,73,171,25,40,overweight,0,1,15
23,,,,225,26,9,28,306.345,93,0,,1,0,0,2,69,169,24,1,normal,0,0,28
6,,,,155,12,14,34,306.345,93,0,,2,1,0,0,95,196,25,8,overweight,0,0,14
23,,,,225,26,9,28,306.345,93,0,,1,0,0,2,69,169,24,3,normal,0,0,28
21,,,,179,22,17,40,306.345,93,0,,2,0,1,0,63,170,22,8,normal,0,0,17
13,,,,225,26,9,28,306.345,93,0,,1,0,0,2,69,169,24,3,normal,0,0,28
28,,,,260,50,11,36,306.345,93,0,,4,1,0,0,65,168,23,4,normal,0,0,20
28,,,,248,25,14,47,306.345,93,0,,2,0,0,1,86,165,32,1,obese,0,0,33
28,,,,225,26,9,28,306.345,93,0,,1,0,0,2,69,169,24,3,normal,0,0,28
7,,,,289,36,13,33,306.345,93,0,,2,1,0,1,90,172,30,24,obese,0,1,11
23,,,,291,31,12,40,306.345,93,0,,1,1,0,1,73,171,25,3,overweight,0,0,15
23,,,,248,25,14,47,261.306,97,0,,2,0,0,1,86,165,32,1,obese,0,0,33
19,,,,118,10,10,37,261.306,97,0,,0,0,0,0,83,172,28,64,overweight,0,1,34
23,,,,118,13,18,50,261.306,97,0,,1,1,0,0,98,178,31,2,obese,0,0,36
26,,,,235,11,14,37,261.306,97,0,,1,0,0,1,88,172,29,8,overweight,0,0,1
23,,,,225,26,9,28,261.306,97,0,,1,0,0,2,69,169,24,2,normal,0,0,28
26,,,,260,50,11,36,261.306,97,0,,4,1,0,0,65,168,23,8,normal,0,0,20
19,,,,118,10,10,37,261.306,97,0,,0,0,0,0,83,172,28,56,overweight,0,1,34
22,,,,361,52,3,28,261.306,97,0,,1,1,0,4,80,172,27,8,overweight,0,0,10
28,,,,225,26,9,28,261.306,97,0,,1,0,0,2,69,169,24,3,normal,0,0,28
28,,,,260,50,11,36,261.306,97,0,,4,1,0,0,65,168,23,3,normal,0,0,20
23,,,,225,26,9,28,261.306,97,0,,1,0,0,2,69,169,24,2,normal,0,0,28
22,,,,361,52,3,28,261.306,97,0,,1,1,0,4,80,172,27,8,overweight,0,0,10
27,,,,118,10,10,37,261.306,97,0,,0,0,0,0,83,172,28,2,overweight,0,0,34
19,,,,246,25,16,41,261.306,97,0,,0,1,0,0,67,170,23,8,normal,0,0,24
23,,,,225,26,9,28,261.306,97,0,,1,0,0,2,69,169,24,2,normal,0,0,28
23,,,,225,26,9,28,308.593,95,0,,1,0,0,2,69,169,24,1,normal,0,0,28
19,,,,118,10,10,37,308.593,95,0,,0,0,0,0,83,172,28,1,overweight,0,0,34
27,,,,118,10,10,37,308.593,95,0,,0,0,0,0,83,172,28,1,overweight,0,0,34
18,,,,155,12,14,34,308.593,95,0,,2,1,0,0,95,196,25,8,overweight,0,0,14
27,,,,225,26,9,28,308.593,95,0,,1,0,0,2,69,169,24,2,normal,0,0,28
23,,,,184,42,7,27,308.593,95,0,,0,0,0,0,58,167,21,2,normal,0,0,27
28,,,,225,26,9,28,308.593,95,0,,1,0,0,2,69,169,24,2,normal,0,0,28
27,,,,225,26,9,28,308.593,95,0,,1,0,0,2,69,169,24,1,normal,0,0,28
27,,,,118,10,10,37,308.593,95,0,,0,0,0,0,83,172,28,2,overweight,0,0,34
27,,,,225,26,9,28,308.593,95,0,,1,0,0,2,69,169,24,2,normal,0,0,28
27,,,,118,10,10,37,308.593,95,0,,0,0,0,0,83,172,28,2,overweight,0,0,34
27,,,,118,10,10,37,308.593,95,0,,0,0,0,0,83,172,28,2,overweight,0,0,34
27,,,,118,10,10,37,308.593,95,0,,0,0,0,0,83,172,28,2,overweight,0,0,34
27,,,,118,10,10,37,308.593,95,0,,0,0,0,0,83,172,28,2,overweight,0,0,34
27,,,,118,10,10,37,308.593,95,0,,0,0,0,0,83,172,28,2,overweight,0,0,34
27,,,,118,10,10,37,308.593,95,0,,0,0,0,0,83,172,28,2,overweight,0,0,34
18,,,,179,26,9,30,308.593,95,0,,0,0,0,0,56,171,19,8,normal,0,0,22
18,,,,289,36,13,33,308.593,95,0,,2,1,0,1,90,172,30,8,obese,0,0,11
27,,,,118,10,10,37,308.593,95,0,,0,0,0,0,83,172,28,2,overweight,0,0,34
23,,,,184,42,7,27,308.593,95,0,,0,0,0,0,58,167,21,2,normal,0,0,27
27,,,,118,10,10,37,308.593,95,0,,0,0,0,0,83,172,28,2,overweight,0,0,34
27,,,,118,10,10,37,308.593,95,0,,0,0,0,0,83,172,28,0,overweight,0,0,34
23,,,,225,26,9,28,308.593,95,0,,1,0,0,2,69,169,24,1,normal,0,0,28
22,,,,289,36,13,33,308.593,95,0,,2,1,0,1,90,172,30,3,obese,0,0,11
23,,,,184,42,7,27,302.585,99,0,,0,0,0,0,58,167,21,1,normal,0,0,27
1,,,,246,25,16,41,302.585,99,0,,0,1,0,0,67,170,23,8,normal,0,0,24
11,,,,179,51,18,38,302.585,99,0,,0,1,0,0,89,170,31,8,obese,0,0,3
28,,,,155,12,14,34,302.585,99,0,,2,1,0,0,95,196,25,2,overweight,0,0,14
23,,,,189,29,13,33,302.585,99,0,,2,0,0,2,69,167,25,8,overweight,0,0,6
28,,,,260,50,11,36,302.585,99,0,,4,1,0,0,65,168,23,2,normal,0,0,20
22,,,,289,36,13,33,302.585,99,0,,2,1,0,1,90,172,30,8,obese,0,0,11
11,,,,388,15,9,50,302.585,99,0,,0,0,0,0,76,178,24,8,normal,0,0,31
1,,,,388,15,9,50,302.585,99,0,,0,0,0,0,76,178,24,8,normal,0,0,31
28,,,,225,26,9,28,302.585,99,0,,1,0,0,2,69,169,24,2,normal,0,0,28
23,,,,225,26,9,28,302.585,99,0,,1,0,0,2,69,169,24,2,normal,0,0,28
23,,,,179,26,9,30,302.585,99,0,,0,0,0,0,56,171,19,1,normal,0,0,22
23,,,,184,42,7,27,302.585,99,0,,0,0,0,0,58,167,21,8,normal,0,0,27
25,,,,225,26,9,28,302.585,99,0,,1,0,0,2,69,169,24,3,normal,0,0,28
18,,,,330,16,4,28,302.585,99,0,,0,0,0,0,84,182,25,8,overweight,0,0,18
23,,,,330,16,4,28,302.585,99,0,,0,0,0,0,84,182,25,1,overweight,0,0,18
23,,,,225,26,9,28,302.585,99,0,,1,0,0,2,69,169,24,1,normal,0,0,28
19,,,,189,29,13,33,302.585,99,0,,2,0,0,2,69,167,25,8,overweight,0,0,6
28,,,,291,50,12,32,343.253,95,0,,0,1,0,0,65,169,23,2,normal,0,0,19
19,,,,260,50,11,36,343.253,95,0,,4,1,0,0,65,168,23,8,normal,0,0,20
19,,,,157,27,6,29,343.253,95,0,,0,1,1,0,75,185,22,3,normal,1,0,30
17,,,,179,22,17,40,343.253,95,0,,2,0,1,0,63,170,22,8,normal,0,0,17
22,,,,291,31,12,40,343.253,95,0,,1,1,0,1,73,171,25,8,overweight,0,0,15
13,,,,260,50,11,36,343.253,95,0,,4,1,0,0,65,168,23,8,normal,0,0,20
13,,,,179,26,9,30,343.253,95,0,,0,0,0,0,56,171,19,8,normal,0,0,22
14,,,,248,25,14,47,343.253,95,0,,2,0,0,1,86,165,32,3,obese,0,0,33
13,,,,260,50,11,36,343.253,95,0,,4,1,0,0,65,168,23,40,normal,0,1,20
11,,,,179,22,17,40,343.253,95,0,,2,0,1,0,63,170,22,40,normal,0,1,17
1,,,,155,12,14,34,343.253,95,0,,2,1,0,0,95,196,25,16,overweight,0,1,14
26,,,,260,50,11,36,343.253,95,0,,4,1,0,0,65,168,23,16,normal,0,1,20
13,,,,155,12,14,34,343.253,95,0,,2,1,0,0,95,196,25,8,overweight,0,0,14
6,,,,289,36,13,33,343.253,95,0,,2,1,0,1,90,172,30,8,obese,0,0,11
8,,,,179,22,17,40,343.253,95,0,,2,0,1,0,63,170,22,8,normal,0,0,17
28,,,,260,50,11,36,343.253,95,0,,4,1,0,0,65,168,23,4,normal,0,0,20
23,,,,225,26,9,28,343.253,95,0,,1,0,0,2,69,169,24,1,normal,0,0,28
14,,,,279,5,14,39,343.253,95,0,,2,1,1,0,68,168,24,8,normal,1,0,7
13,,,,179,51,18,38,343.253,95,0,,0,1,0,0,89,170,31,24,obese,0,1,3
23,,,,225,26,9,28,343.253,95,0,,1,0,0,2,69,169,24,2,normal,0,0,28
11,,,,225,26,9,28,343.253,95,0,,1,0,0,2,69,169,24,8,normal,0,0,28
13,,,,179,26,9,30,343.253,95,0,,0,0,0,0,56,171,19,1,normal,0,0,22
11,,,,225,26,9,28,343.253,95,0,,1,0,0,2,69,169,24,8,normal,0,0,28
11,,,,225,26,9,28,343.253,95,0,,1,0,0,2,69,169,24,16,normal,0,1,28
13,,,,179,51,18,38,343.253,95,0,,0,1,0,0,89,170,31,3,obese,0,0,3
14,,,,279,5,14,39,343.253,95,0,,2,1,1,0,68,168,24,16,normal,1,1,7
28,,,,225,26,9,28,343.253,95,0,,1,0,0,2,69,169,24,2,normal,0,0,28
14,,,,248,25,14,47,343.253,95,0,,2,0,0,1,86,165,32,3,obese,0,0,33
28,,,,225,26,9,28,343.253,95,0,,1,0,0,2,69,169,24,1,normal,0,0,28
28,,,,291,31,12,40,326.452,96,0,,1,1,0,1,73,171,25,1,overweight,0,0,15
23,,,,225,26,9,28,326.452,96,0,,1,0,0,2,69,169,24,1,normal,0,0,28
28,,,,155,12,14,34,326.452,96,0,,2,1,0,0,95,196,25,1,overweight,0,0,14
13,,,,246,25,16,41,326.452,96,0,,0,1,0,0,67,170,23,24,normal,0,1,24
23,,,,155,12,14,34,326.452,96,0,,2,1,0,0,95,196,25,1,overweight,0,0,14
28,,,,225,26,9,28,326.452,96,0,,1,0,0,2,69,169,24,2,normal,0,0,28
28,,,,260,50,11,36,326.452,96,0,,4,1,0,0,65,168,23,4,normal,0,0,20
13,,,,179,51,18,38,326.452,96,0,,0,1,0,0,89,170,31,24,obese,0,1,3
23,,,,118,13,18,50,326.452,96,0,,1,1,0,0,98,178,31,1,obese,0,0,36
23,,,,291,31,12,40,326.452,96,0,,1,1,0,1,73,171,25,3,overweight,0,0,15
14,,,,246,25,16,41,326.452,96,0,,0,1,0,0,67,170,23,8,normal,0,0,24
28,,,,291,31,12,40,326.452,96,0,,1,1,0,1,73,171,25,1,overweight,0,0,15
28,,,,248,25,14,47,326.452,96,0,,2,0,0,1,86,165,32,8,obese,0,0,33
19,,,,260,50,11,36,326.452,96,0,,4,1,0,0,65,168,23,56,normal,0,1,20
19,,,,289,36,13,33,326.452,96,0,,2,1,0,1,90,172,30,8,obese,0,0,11
12,,,,155,12,14,34,326.452,96,0,,2,1,0,0,95,196,25,24,overweight,0,1,14
19,,,,378,49,11,36,326.452,96,0,,2,0,1,4,65,174,21,8,normal,0,0,23
13,,,,289,36,13,33,326.452,96,0,,2,1,0,1,90,172,30,16,obese,0,1,11
7,,,,235,11,14,37,326.452,96,0,,1,0,0,1,88,172,29,3,overweight,0,0,1
0,,,,235,29,12,48,326.452,96,1,,1,0,1,5,88,163,33,0,obese,0,0,2
13,,,,289,36,13,33,378.884,92,0,,2,1,0,1,90,172,30,8,obese,0,0,11
28,,,,155,12,14,34,378.884,92,0,,2,1,0,0,95,196,25,2,overweight,0,0,14
28,,,,155,12,14,34,378.884,92,0,,2,1,0,0,95,196,25,1,overweight,0,0,14
18,,,,179,51,18,38,378.884,92,0,,0,1,0,0,89,170,31,8,obese,0,0,3
19,,,,225,26,9,28,378.884,92,0,,1,0,0,2,69,169,24,8,normal,0,0,28
7,,,,184,42,7,27,378.884,92,0,,0,0,0,0,58,167,21,4,normal,0,0,27
28,,,,155,12,14,34,378.884,92,0,,2,1,0,0,95,196,25,2,overweight,0,0,14
12,,,,179,51,18,38,378.884,92,0,,0,1,0,0,89,170,31,1,obese,0,0,3
13,,,,289,36,13,33,378.884,92,0,,2,1,0,1,90,172,30,24,obese,0,1,11
0,,,,279,5,14,39,378.884,92,1,,2,1,1,0,68,168,24,0,normal,1,0,7
0,,,,330,16,4,28,378.884,92,1,,0,0,0,0,84,182,25,0,overweight,0,0,18
0,,,,378,49,11,36,378.884,92,1,,2,0,1,4,65,174,21,0,normal,0,0,23
0,,,,388,15,9,50,378.884,92,1,,0,0,0,0,76,178,24,0,normal,0,0,31
11,,,,179,51,18,38,378.884,92,0,,0,1,0,0,89,170,31,1,obese,0,0,3
13,,,,118,13,18,50,378.884,92,0,,1,1,0,0,98,178,31,24,obese,0,1,36
22,,,,361,52,3,28,378.884,92,0,,1,1,0,4,80,172,27,8,overweight,0,0,10
19,,,,246,25,16,41,377.55,94,0,,0,1,0,0,67,170,23,8,normal,0,0,24
22,,,,361,52,3,28,377.55,94,0,,1,1,0,4,80,172,27,8,overweight,0,0,10
10,,,,246,25,16,41,377.55,94,0,,0,1,0,0,67,170,23,24,normal,0,1,24
23,,,,291,31,12,40,377.55,94,0,,1,1,0,1,73,171,25,4,overweight,0,0,15
10,,,,246,25,16,41,377.55,94,0,,0,1,0,0,67,170,23,8,normal,0,0,24
11,,,,179,51,18,38,377.55,94,0,,0,1,0,0,89,170,31,8,obese,0,0,3
23,,,,155,12,14,34,377.55,94,0,,2,1,0,0,95,196,25,4,overweight,0,0,14
10,,,,246,25,16,41,377.55,94,0,,0,1,0,0,67,170,23,8,normal,0,0,24
13,,,,118,13,18,50,377.55,94,0,,1,1,0,0,98,178,31,8,obese,0,0,36
13,,,,235,11,14,37,377.55,94,0,,1,0,0,1,88,172,29,16,overweight,0,1,1
23,,,,118,13,18,50,377.55,94,0,,1,1,0,0,98,178,31,1,obese,0,0,36
13,,,,118,13,18,50,377.55,94,0,,1,1,0,0,98,178,31,80,obese,0,1,36
22,,,,378,49,11,36,377.55,94,0,,2,0,1,4,65,174,21,8,normal,0,0,23
11,,,,179,51,18,38,377.55,94,0,,0,1,0,0,89,170,31,2,obese,0,0,3
28,,,,289,48,29,49,377.55,94,0,,0,0,0,2,108,172,36,2,obese,0,0,32
28,,,,225,26,9,28,377.55,94,0,,1,0,0,2,69,169,24,2,normal,0,0,28
19,,,,155,12,14,34,275.312,98,0,,2,1,0,0,95,196,25,16,overweight,0,1,14
1,,,,118,13,18,50,275.312,98,0,,1,1,0,0,98,178,31,8,obese,0,0,36
5,,,,118,10,10,37,275.312,98,0,,0,0,0,0,83,172,28,8,overweight,0,0,34
26,,,,118,10,10,37,275.312,98,0,,0,0,0,0,83,172,28,4,overweight,0,0,34
26,,,,330,16,4,28,275.312,98,0,,0,0,0,0,84,182,25,8,overweight,0,0,18
18,,,,179,26,9,30,275.312,98,0,,0,0,0,0,56,171,19,8,normal,0,0,22
25,,,,155,12,14,34,275.312,98,0,,2,1,0,0,95,196,25,2,overweight,0,0,14
1,,,,330,16,4,28,275.312,98,0,,0,0,0,0,84,182,25,8,overweight,0,0,18
1,,,,330,16,4,28,275.312,98,0,,0,0,0,0,84,182,25,8,overweight,0,0,18
25,,,,157,27,6,29,275.312,98,0,,0,1,1,0,75,185,22,3,normal,1,0,30
22,,,,361,52,3,28,275.312,98,0,,1,1,0,4,80,172,27,8,overweight,0,0,10
26,,,,289,36,13,33,275.312,98,0,,2,1,0,1,90,172,30,8,obese,0,0,11
26,,,,179,51,18,38,275.312,98,0,,0,1,0,0,89,170,31,8,obese,0,0,3
19,,,,289,36,13,33,275.312,98,0,,2,1,0,1,90,172,30,32,obese,0,1,11
19,,,,289,36,13,33,275.312,98,0,,2,1,0,1,90,172,30,8,obese,0,0,11
0,,,,260,50,11,36,275.312,98,1,,4,1,0,0,65,168,23,0,normal,0,0,20
19,,,,289,36,13,33,265.615,94,0,,2,1,0,1,90,172,30,8,obese,0,0,11
19,,,,157,27,6,29,265.615,94,0,,0,1,1,0,75,185,22,3,normal,1,0,30
23,,,,289,36,13,33,265.615,94,0,,2,1,0,1,90,172,30,1,obese,0,0,11
18,,,,228,14,16,58,265.615,94,0,,2,0,0,1,65,172,22,8,normal,0,0,9
13,,,,300,26,13,43,265.615,94,0,,2,1,1,1,77,175,25,1,overweight,1,0,26
14,,,,300,26,13,43,265.615,94,0,,2,1,1,1,77,175,25,2,overweight,1,0,26
28,,,,260,50,11,36,265.615,94,0,,4,1,0,0,65,168,23,4,normal,0,0,20
23,,,,289,36,13,33,265.615,94,0,,2,1,0,1,90,172,30,4,obese,0,0,11
23,,,,248,25,14,47,265.615,94,0,,2,0,0,1,86,165,32,1,obese,0,0,33
11,,,,268,11,8,33,265.615,94,0,,0,0,0,0,79,178,25,8,overweight,0,0,21
23,,,,179,26,9,30,265.615,94,0,,0,0,0,0,56,171,19,1,normal,0,0,22
13,,,,118,13,18,50,265.615,94,0,,1,1,0,0,98,178,31,3,obese,0,0,36
25,,,,248,25,14,47,265.615,94,0,,2,0,0,1,86,165,32,2,obese,0,0,33
23,,,,235,11,14,37,265.615,94,0,,1,0,0,1,88,172,29,1,overweight,0,0,1
23,,,,118,13,18,50,265.615,94,0,,1,1,0,0,98,178,31,1,obese,0,0,36
19,,,,235,11,14,37,265.615,94,0,,1,0,0,1,88,172,29,8,overweight,0,0,1
8,,,,361,52,3,28,265.615,94,0,,1,1,0,4,80,172,27,8,overweight,0,0,10
6,,,,184,42,7,27,265.615,94,0,,0,0,0,0,58,167,21,8,normal,0,0,27
11,,,,179,51,18,38,294.217,81,0,,0,1,0,0,89,170,31,8,obese,0,0,3
23,,,,179,51,18,38,294.217,81,0,,0,1,0,0,89,170,31,3,obese,0,0,3
19,,,,289,36,13,33,294.217,81,0,,2,1,0,1,90,172,30,24,obese,0,1,11
0,,,,235,20,13,43,294.217,81,1,,1,1,0,0,106,167,38,0,obese,0,0,5
9,,,,246,25,16,41,294.217,81,0,,0,1,0,0,67,170,23,16,normal,0,1,24
28,,,,291,31,12,40,294.217,81,0,,1,1,0,1,73,171,25,3,overweight,0,0,15
0,,,,231,35,14,39,294.217,81,1,,2,1,0,2,100,170,35,0,obese,0,0,8
0,,,,291,50,12,32,294.217,81,1,,0,1,0,0,65,169,23,0,normal,0,0,19
13,,,,179,51,18,38,294.217,81,0,,0,1,0,0,89,170,31,8,obese,0,0,3
9,,,,246,25,16,41,294.217,81,0,,0,1,0,0,67,170,23,32,normal,0,1,24
23,,,,179,51,18,38,294.217,81,0,,0,1,0,0,89,170,31,1,obese,0,0,3
28,,,,291,31,12,40,294.217,81,0,,1,1,0,1,73,171,25,4,overweight,0,0,15
28,,,,260,50,11,36,294.217,81,0,,4,1,0,0,65,168,23,4,normal,0,0,20
26,,,,235,20,13,43,294.217,81,0,,1,1,0,0,106,167,38,8,obese,0,0,5
28,,,,118,13,18,50,294.217,81,0,,1,1,0,0,98,178,31,1,obese,0,0,36
0,,,,235,20,13,43,294.217,81,1,,1,1,0,0,106,167,38,0,obese,0,0,5
28,,,,291,31,12,40,294.217,81,0,,1,1,0,1,73,171,25,3,overweight,0,0,15
7,,,,291,31,12,40,294.217,81,0,,1,1,0,1,73,171,25,40,overweight,0,1,15
13,,,,179,51,18,38,294.217,81,0,,0,1,0,0,89,170,31,8,obese,0,0,3
24,,,,289,36,13,33,265.017,88,0,,2,1,0,1,90,172,30,8,obese,0,0,11
26,,,,235,11,14,37,265.017,88,0,,1,0,0,1,88,172,29,4,overweight,0,0,1
26,,,,289,36,13,33,265.017,88,0,,2,1,0,1,90,172,30,8,obese,0,0,11
22,,,,289,36,13,33,265.017,88,0,,2,1,0,1,90,172,30,8,obese,0,0,11
0,,,,118,13,18,50,265.017,88,1,,1,1,0,0,98,178,31,0,obese,0,0,36
0,,,,248,25,14,47,265.017,88,1,,2,0,0,1,86,165,32,0,obese,0,0,33
1,,,,179,26,9,30,265.017,88,0,,0,0,0,0,56,171,19,8,normal,0,0,22
7,,,,118,10,10,37,265.017,88,0,,0,0,0,0,83,172,28,3,overweight,0,0,34
22,,,,369,17,12,31,265.017,88,0,,3,1,0,0,70,169,25,8,overweight,0,0,13
28,,,,179,51,18,38,265.017,88,0,,0,1,0,0,89,170,31,1,obese,0,0,3
1,,,,179,26,9,30,265.017,88,0,,0,0,0,0,56,171,19,64,normal,0,1,22
0,,,,235,20,13,43,265.017,88,1,,1,1,0,0,106,167,38,0,obese,0,0,5
19,,,,289,36,13,33,265.017,88,0,,2,1,0,1,90,172,30,16,obese,0,1,11
28,,,,260,50,11,36,265.017,88,0,,4,1,0,0,65,168,23,3,normal,0,0,20
0,,,,235,20,13,43,265.017,88,1,,1,1,0,0,106,167,38,0,obese,0,0,5
23,,,,235,20,13,43,265.017,88,0,,1,1,0,0,106,167,38,2,obese,0,0,5
23,,,,235,20,13,43,265.017,88,0,,1,1,0,0,106,167,38,2,obese,0,0,5
28,,,,118,13,18,50,265.017,88,0,,1,1,0,0,98,178,31,1,obese,0,0,36
28,,,,291,31,12,40,265.017,88,0,,1,1,0,1,73,171,25,4,overweight,0,0,15
23,,,,179,26,9,30,265.017,88,0,,0,0,0,0,56,171,19,16,normal,0,1,22
28,,,,118,13,18,50,265.017,88,0,,1,1,0,0,98,178,31,1,obese,0,0,36
10,,,,361,52,3,28,265.017,88,0,,1,1,0,4,80,172,27,8,overweight,0,0,10
0,,,,260,50,11,36,265.017,88,1,,4,1,0,0,65,168,23,0,normal,0,0,20
0,,,,291,31,12,40,265.017,88,1,,1,1,0,1,73,171,25,0,overweight,0,0,15
0,,,,157,27,6,29,265.017,88,1,,0,1,1,0,75,185,22,0,normal,1,0,30
1,,,,179,26,9,30,265.017,88,0,,0,0,0,0,56,171,19,5,normal,0,0,22
7,,,,179,26,9,30,265.017,88,0,,0,0,0,0,56,171,19,5,normal,0,0,22
23,,,,118,13,18,50,265.017,88,0,,1,1,0,0,98,178,31,1,obese,0,0,36
11,,,,118,10,10,37,284.031,97,0,,0,0,0,0,83,172,28,8,overweight,0,0,34
23,,,,248,25,14,47,284.031,97,0,,2,0,0,1,86,165,32,2,obese,0,0,33
6,,,,179,51,18,38,284.031,97,0,,0,1,0,0,89,170,31,8,obese,0,0,3
28,,,,260,50,11,36,284.031,97,0,,4,1,0,0,65,168,23,3,normal,0,0,20
23,,,,291,31,12,40,284.031,97,0,,1,1,0,1,73,171,25,1,overweight,0,0,15
1,,,,378,49,11,36,284.031,97,0,,2,0,1,4,65,174,21,8,normal,0,0,23
11,,,,155,12,14,34,284.031,97,0,,2,1,0,0,95,196,25,120,overweight,0,1,14
26,,,,235,20,13,43,284.031,97,0,,1,1,0,0,106,167,38,8,obese,0,0,5
0,,,,330,16,4,28,284.031,97,1,,0,0,0,0,84,182,25,0,overweight,0,0,18
18,,,,235,11,14,37,284.031,97,0,,1,0,0,1,88,172,29,1,overweight,0,0,1
11,,,,118,10,10,37,284.031,97,0,,0,0,0,0,83,172,28,3,overweight,0,0,34
25,,,,235,11,14,37,284.031,97,0,,1,0,0,1,88,172,29,2,overweight,0,0,1
28,,,,179,51,18,38,284.031,97,0,,0,1,0,0,89,170,31,3,obese,0,0,3
13,,,,246,25,16,41,284.031,97,0,,0,1,0,0,67,170,23,8,normal,0,0,24
12,,,,291,31,12,40,284.031,97,0,,1,1,0,1,73,171,25,4,overweight,0,0,15
13,,,,246,25,16,41,284.031,97,0,,0,1,0,0,67,170,23,8,normal,0,0,24
28,,,,179,51,18,38,284.031,97,0,,0,1,0,0,89,170,31,1,obese,0,0,3
10,,,,260,50,11,36,284.031,97,0,,4,1,0,0,65,168,23,8,normal,0,0,20
15,,,,260,50,11,36,284.031,97,0,,4,1,0,0,65,168,23,8,normal,0,0,20
0,,,,378,49,11,36,284.031,97,1,,2,0,1,4,65,174,21,0,normal,0,0,23
0,,,,279,5,14,39,284.031,97,1,,2,1,1,0,68,168,24,0,normal,1,0,7
23,,,,179,51,18,38,284.031,97,0,,0,1,0,0,89,170,31,1,obese,0,0,3
12,,,,225,26,9,28,236.629,93,0,,1,0,0,2,69,169,24,3,normal,0,0,28
28,,,,179,51,18,38,236.629,93,0,,0,1,0,0,89,170,31,2,obese,0,0,3
28,,,,179,51,18,38,236.629,93,0,,0,1,0,0,89,170,31,1,obese,0,0,3
23,,,,235,11,14,37,236.629,93,0,,1,0,0,1,88,172,29,3,overweight,0,0,1
28,,,,118,13,18,50,236.629,93,0,,1,1,0,0,98,178,31,1,obese,0,0,36
28,,,,260,50,11,36,236.629,93,0,,4,1,0,0,65,168,23,4,normal,0,0,20
4,,,,246,25,16,41,236.629,93,0,,0,1,0,0,67,170,23,8,normal,0,0,24
28,,,,179,51,18,38,236.629,93,0,,0,1,0,0,89,170,31,1,obese,0,0,3
28,,,,179,51,18,38,236.629,93,0,,0,1,0,0,89,170,31,1,obese,0,0,3
23,,,,179,26,9,30,236.629,93,0,,0,0,0,0,56,171,19,1,normal,0,0,22
25,,,,118,10,10,37,236.629,93,0,,0,0,0,0,83,172,28,8,overweight,0,0,34
25,,,,235,11,14,37,236.629,93,0,,1,0,0,1,88,172,29,2,overweight,0,0,1
28,,,,179,51,18,38,236.629,93,0,,0,1,0,0,89,170,31,1,obese,0,0,3
13,,,,235,20,13,43,236.629,93,0,,1,1,0,0,106,167,38,8,obese,0,0,5
14,,,,235,11,14,37,236.629,93,0,,1,0,0,1,88,172,29,4,overweight,0,0,1
26,,,,260,50,11,36,236.629,93,0,,4,1,0,0,65,168,23,8,normal,0,0,20
28,,,,157,27,6,29,236.629,93,0,,0,1,1,0,75,185,22,2,normal,1,0,30
28,,,,179,51,18,38,236.629,93,0,,0,1,0,0,89,170,31,3,obese,0,0,3
19,,,,289,36,13,33,236.629,93,0,,2,1,0,1,90,172,30,8,obese,0,0,11
23,,,,225,26,9,28,330.061,100,0,,1,0,0,2,69,169,24,5,normal,0,0,28
19,,,,118,10,10,37,330.061,100,0,,0,0,0,0,83,172,28,32,overweight,0,1,34
23,,,,155,12,14,34,330.061,100,0,,2,1,0,0,95,196,25,2,overweight,0,0,14
13,,,,235,11,14,37,330.061,100,0,,1,0,0,1,88,172,29,1,overweight,0,0,1
23,,,,155,12,14,34,330.061,100,0,,2,1,0,0,95,196,25,4,overweight,0,0,14
26,,,,289,36,13,33,330.061,100,0,,2,1,0,1,90,172,30,8,obese,0,0,11
3,,,,291,31,12,40,330.061,100,0,,1,1,0,1,73,171,25,8,overweight,0,0,15
26,,,,235,20,13,43,330.061,100,0,,1,1,0,0,106,167,38,8,obese,0,0,5
26,,,,118,13,18,50,330.061,100,0,,1,1,0,0,98,178,31,4,obese,0,0,36
28,,,,179,51,18,38,330.061,100,0,,0,1,0,0,89,170,31,1,obese,0,0,3
28,,,,179,51,18,38,330.061,100,0,,0,1,0,0,89,170,31,1,obese,0,0,3
28,,,,118,10,10,37,251.818,96,0,,0,0,0,0,83,172,28,2,overweight,0,0,34
27,,,,179,51,18,38,251.818,96,0,,0,1,0,0,89,170,31,3,obese,0,0,3
7,,,,225,26,9,28,251.818,96,0,,1,0,0,2,69,169,24,1,normal,0,0,28
22,,,,289,36,13,33,251.818,96,0,,2,1,0,1,90,172,30,3,obese,0,0,11
28,,,,260,50,11,36,251.818,96,0,,4,1,0,0,65,168,23,3,normal,0,0,20
23,,,,179,51,18,38,251.818,96,0,,0,1,0,0,89,170,31,3,obese,0,0,3
27,,,,179,51,18,38,251.818,96,0,,0,1,0,0,89,170,31,2,obese,0,0,3
27,,,,179,51,18,38,251.818,96,0,,0,1,0,0,89,170,31,3,obese,0,0,3
10,,,,179,51,18,38,251.818,96,0,,0,1,0,0,89,170,31,8,obese,0,0,3
26,,,,246,25,16,41,251.818,96,0,,0,1,0,0,67,170,23,8,normal,0,0,24
27,,,,179,51,18,38,251.818,96,0,,0,1,0,0,89,170,31,3,obese,0,0,3
22,,,,189,29,13,33,251.818,96,0,,2,0,0,2,69,167,25,8,overweight,0,0,6
27,,,,179,51,18,38,251.818,96,0,,0,1,0,0,89,170,31,3,obese,0,0,3
23,,,,246,25,16,41,251.818,96,0,,0,1,0,0,67,170,23,2,normal,0,0,24
23,,,,291,31,12,40,251.818,96,0,,1,1,0,1,73,171,25,2,overweight,0,0,15
11,,,,157,27,6,29,251.818,96,0,,0,1,1,0,75,185,22,16,normal,1,1,30
27,,,,179,51,18,38,251.818,96,0,,0,1,0,0,89,170,31,3,obese,0,0,3
27,,,,179,51,18,38,251.818,96,0,,0,1,0,0,89,170,31,3,obese,0,0,3
10,,,,246,25,16,41,251.818,96,0,,0,1,0,0,67,170,23,24,normal,0,1,24
27,,,,179,51,18,38,251.818,96,0,,0,1,0,0,89,170,31,3,obese,0,0,3
27,,,,179,51,18,38,251.818,96,0,,0,1,0,0,89,170,31,3,obese,0,0,3
18,,,,118,10,10,37,244.387,98,0,,0,0,0,0,83,172,28,8,overweight,0,0,34
19,,,,246,25,16,41,244.387,98,0,,0,1,0,0,67,170,23,16,normal,0,1,24
28,,,,246,25,16,41,244.387,98,0,,0,1,0,0,67,170,23,2,normal,0,0,24
28,,,,260,50,11,36,244.387,98,0,,4,1,0,0,65,168,23,4,normal,0,0,20
28,,,,179,51,18,38,244.387,98,0,,0,1,0,0,89,170,31,2,obese,0,0,3
22,,,,235,11,14,37,244.387,98,0,,1,0,0,1,88,172,29,8,overweight,0,0,1
22,,,,179,22,17,40,244.387,98,0,,2,0,1,0,63,170,22,8,normal,0,0,17
22,,,,378,49,11,36,244.387,98,0,,2,0,1,4,65,174,21,8,normal,0,0,23
28,,,,179,51,18,38,244.387,98,0,,0,1,0,0,89,170,31,16,obese,0,1,3
22,,,,361,52,3,28,244.387,98,0,,1,1,0,4,80,172,27,8,overweight,0,0,10
0,,,,369,17,12,31,244.387,98,1,,3,1,0,0,70,169,25,0,overweight,0,0,13
21,,,,235,11,14,37,244.387,98,0,,1,0,0,1,88,172,29,8,overweight,0,0,1
23,,,,118,13,18,50,244.387,98,0,,1,1,0,0,98,178,31,2,obese,0,0,36
14,,,,118,13,18,50,244.387,98,0,,1,1,0,0,98,178,31,3,obese,0,0,36
13,,,,118,13,18,50,244.387,98,0,,1,1,0,0,98,178,31,8,obese,0,0,36
0,,,,235,11,14,37,244.387,98,1,,1,0,0,1,88,172,29,0,overweight,0,0,1
0,,,,246,25,16,41,244.387,98,1,,0,1,0,0,67,170,23,0,normal,0,0,24
0,,,,118,13,18,50,244.387,98,1,,1,1,0,0,98,178,31,0,obese,0,0,36
28,,,,179,51,18,38,244.387,98,0,,0,1,0,0,89,170,31,8,obese,0,0,3
22,,,,289,36,13,33,244.387,98,0,,2,1,0,1,90,172,30,8,obese,0,0,11
19,,,,260,50,11,36,244.387,98,0,,4,1,0,0,65,168,23,8,normal,0,0,20
28,,,,246,25,16,41,244.387,98,0,,0,1,0,0,67,170,23,2,normal,0,0,24
28,,,,179,51,18,38,239.409,98,0,,0,1,0,0,89,170,31,4,obese,0,0,3
28,,,,260,50,11,36,239.409,98,0,,4,1,0,0,65,168,23,3,normal,0,0,20
26,,,,330,16,4,28,239.409,98,0,,0,0,0,0,84,182,25,4,overweight,0,0,18
22,,,,369,17,12,31,239.409,98,0,,3,1,0,0,70,169,25,4,overweight,0,0,13
26,,,,248,25,14,47,239.409,98,0,,2,0,0,1,86,165,32,4,obese,0,0,33
23,,,,330,16,4,28,239.409,98,0,,0,0,0,0,84,182,25,8,overweight,0,0,18
28,,,,179,51,18,38,239.409,98,0,,0,1,0,0,89,170,31,8,obese,0,0,3
23,,,,118,13,18,50,239.409,98,0,,1,1,0,0,98,178,31,1,obese,0,0,36
13,,,,118,13,18,50,239.409,98,0,,1,1,0,0,98,178,31,120,obese,0,1,36
28,,,,300,26,13,43,239.409,98,0,,2,1,1,1,77,175,25,8,overweight,1,0,26
28,,,,260,50,11,36,239.409,98,0,,4,1,0,0,65,168,23,4,normal,0,0,20
28,,,,179,51,18,38,239.409,98,0,,0,1,0,0,89,170,31,4,obese,0,0,3
11,,,,118,10,10,37,239.409,98,0,,0,0,0,0,83,172,28,2,overweight,0,0,34
13,,,,235,20,13,43,246.074,99,0,,1,1,0,0,106,167,38,16,obese,0,1,5
23,,,,248,25,14,47,246.074,99,0,,2,0,0,1,86,165,32,2,obese,0,0,33
10,,,,369,17,12,31,246.074,99,0,,3,1,0,0,70,169,25,8,overweight,0,0,13
23,,,,179,26,9,30,246.074,99,0,,0,0,0,0,56,171,19,3,normal,0,0,22
28,,,,179,51,18,38,246.074,99,0,,0,1,0,0,89,170,31,4,obese,0,0,3
23,,,,361,52,3,28,246.074,99,0,,1,1,0,4,80,172,27,1,overweight,0,0,10
28,,,,260,50,11,36,246.074,99,0,,4,1,0,0,65,168,23,3,normal,0,0,20
11,,,,179,22,17,40,246.074,99,0,,2,0,1,0,63,170,22,2,normal,0,0,17
8,,,,179,22,17,40,246.074,99,0,,2,0,1,0,63,170,22,3,normal,0,0,17
18,,,,228,14,16,58,246.074,99,0,,2,0,0,1,65,172,22,8,normal,0,0,9
25,,,,225,26,9,28,246.074,99,0,,1,0,0,2,69,169,24,3,normal,0,0,28
13,,,,330,16,4,28,246.074,99,0,,0,0,0,0,84,182,25,8,overweight,0,0,18
25,,,,179,26,9,30,246.074,99,0,,0,0,0,0,56,171,19,2,normal,0,0,22
28,,,,118,10,10,37,246.074,99,0,,0,0,0,0,83,172,28,1,overweight,0,0,34
1,,,,235,11,14,37,246.074,99,0,,1,0,0,1,88,172,29,8,overweight,0,0,1
23,,,,179,26,9,30,246.074,99,0,,0,0,0,0,56,171,19,3,normal,0,0,22
23,,,,118,10,10,37,253.957,95,0,,0,0,0,0,83,172,28,3,overweight,0,0,34
28,,,,179,51,18,38,253.957,95,0,,0,1,0,0,89,170,31,3,obese,0,0,3
28,,,,118,10,10,37,253.957,95,0,,0,0,0,0,83,172,28,2,overweight,0,0,34
23,,,,225,26,9,28,253.957,95,0,,1,0,0,2,69,169,24,4,normal,0,0,28
28,,,,260,50,11,36,253.957,95,0,,4,1,0,0,65,168,23,4,normal,0,0,20
0,,,,179,51,18,38,253.957,95,1,,0,1,0,0,89,170,31,0,obese,0,0,3
13,,,,291,31,12,40,253.957,95,0,,1,1,0,1,73,171,25,40,overweight,0,1,15
28,,,,179,51,18,38,253.957,95,0,,0,1,0,0,89,170,31,24,obese,0,1,3
28,,,,246,25,16,41,253.957,95,0,,0,1,0,0,67,170,23,3,normal,0,0,24
28,,,,179,51,18,38,253.957,95,0,,0,1,0,0,89,170,31,4,obese,0,0,3
26,,,,235,20,13,43,253.957,95,0,,1,1,0,0,106,167,38,8,obese,0,0,5
28,,,,179,51,18,38,253.957,95,0,,0,1,0,0,89,170,31,2,obese,0,0,3
23,,,,225,26,9,28,253.957,95,0,,1,0,0,2,69,169,24,2,normal,0,0,28
23,,,,118,13,18,50,253.957,95,0,,1,1,0,0,98,178,31,2,obese,0,0,36
5,,,,179,51,18,38,253.957,95,0,,0,1,0,0,89,170,31,8,obese,0,0,3
21,,,,179,26,9,30,253.957,95,0,,0,0,0,0,56,171,19,2,normal,0,0,22
28,,,,246,25,16,41,253.957,95,0,,0,1,0,0,67,170,23,2,normal,0,0,24
11,,,,330,16,4,28,253.957,95,0,,0,0,0,0,84,182,25,1,overweight,0,0,18
13,,,,235,11,14,37,253.957,95,0,,1,0,0,1,88,172,29,8,overweight,0,0,1
23,,,,179,26,9,30,230.29,92,0,,0,0,0,0,56,171,19,2,normal,0,0,22
25,,,,225,26,9,28,230.29,92,0,,1,0,0,2,69,169,24,4,normal,0,0,28
13,,,,260,50,11,36,230.29,92,0,,4,1,0,0,65,168,23,8,normal,0,0,20
7,,,,268,11,8,33,230.29,92,0,,0,0,0,0,79,178,25,8,overweight,0,0,21
25,,,,330,16,4,28,230.29,92,0,,0,0,0,0,84,182,25,8,overweight,0,0,18
26,,,,118,10,10,37,230.29,92,0,,0,0,0,0,83,172,28,8,overweight,0,0,34
26,,,,260,50,11,36,230.29,92,0,,4,1,0,0,65,168,23,4,normal,0,0,20
28,,,,118,10,10,37,230.29,92,0,,0,0,0,0,83,172,28,8,overweight,0,0,34
15,,,,300,26,13,43,230.29,92,0,,2,1,1,1,77,175,25,8,overweight,1,0,26
23,,,,235,29,12,48,230.29,92,0,,1,0,1,5,88,163,33,1,obese,0,0,2
28,,,,246,25,16,41,230.29,92,0,,0,1,0,0,67,170,23,2,normal,0,0,24
9,,,,225,26,9,28,230.29,92,0,,1,0,0,2,69,169,24,112,normal,0,1,28
28,,,,179,51,18,38,230.29,92,0,,0,1,0,0,89,170,31,1,obese,0,0,3
23,,,,118,13,18,50,230.29,92,0,,1,1,0,0,98,178,31,1,obese,0,0,36
22,,,,361,52,3,28,230.29,92,0,,1,1,0,4,80,172,27,8,overweight,0,0,10
22,,,,289,36,13,33,230.29,92,0,,2,1,0,1,90,172,30,8,obese,0,0,11
26,,,,235,20,13,43,230.29,92,0,,1,1,0,0,106,167,38,8,obese,0,0,5
28,,,,246,25,16,41,230.29,92,0,,0,1,0,0,67,170,23,2,normal,0,0,24
28,,,,291,31,12,40,230.29,92,0,,1,1,0,1,73,171,25,1,overweight,0,0,15
23,,,,279,5,14,39,230.29,92,0,,2,1,1,0,68,168,24,2,normal,1,0,7
25,,,,179,51,18,38,249.797,93,0,,0,1,0,0,89,170,31,4,obese,0,0,3
25,,,,179,22,17,40,249.797,93,0,,2,0,1,0,63,170,22,1,normal,0,0,17
28,,,,246,25,16,41,249.797,93,0,,0,1,0,0,67,170,23,4,normal,0,0,24
28,,,,118,10,10,37,249.797,93,0,,0,0,0,0,83,172,28,4,overweight,0,0,34
26,,,,289,36,13,33,249.797,93,0,,2,1,0,1,90,172,30,8,obese,0,0,11
26,,,,235,20,13,43,249.797,93,0,,1,1,0,0,106,167,38,8,obese,0,0,5
28,,,,291,31,12,40,249.797,93,0,,1,1,0,1,73,171,25,4,overweight,0,0,15
25,,,,179,51,18,38,249.797,93,0,,0,1,0,0,89,170,31,4,obese,0,0,3
25,,,,179,22,17,40,249.797,93,0,,2,0,1,0,63,170,22,8,normal,0,0,17
23,,,,330,16,4,28,249.797,93,0,,0,0,0,0,84,182,25,16,overweight,0,1,18
23,,,,235,11,14,37,249.797,93,0,,1,0,0,1,88,172,29,4,overweight,0,0,1
28,,,,246,25,16,41,249.797,93,0,,0,1,0,0,67,170,23,1,normal,0,0,24
28,,,,118,10,10,37,249.797,93,0,,0,0,0,0,83,172,28,5,overweight,0,0,34
28,,,,291,31,12,40,249.797,93,0,,1,1,0,1,73,171,25,2,overweight,0,0,15
28,,,,260,50,11,36,249.797,93,0,,4,1,0,0,65,168,23,3,normal,0,0,20
28,,,,246,25,16,41,261.756,87,0,,0,1,0,0,67,170,23,1,normal,0,0,24
28,,,,246,25,16,41,261.756,87,0,,0,1,0,0,67,170,23,1,normal,0,0,24
28,,,,118,10,10,37,261.756,87,0,,0,0,0,0,83,172,28,3,overweight,0,0,34
23,,,,155,12,14,34,261.756,87,0,,2,1,0,0,95,196,25,2,overweight,0,0,14
28,,,,291,31,12,40,261.756,87,0,,1,1,0,1,73,171,25,2,overweight,0,0,15
23,,,,179,26,9,30,261.756,87,0,,0,0,0,0,56,171,19,8,normal,0,0,22
23,,,,248,25,14,47,261.756,87,0,,2,0,0,1,86,165,32,1,obese,0,0,33
23,,,,179,51,18,38,261.756,87,0,,0,1,0,0,89,170,31,4,obese,0,0,3
23,,,,225,26,9,28,261.756,87,0,,1,0,0,2,69,169,24,1,normal,0,0,28
23,,,,179,26,9,30,261.756,87,0,,0,0,0,0,56,171,19,2,normal,0,0,22
23,,,,369,17,12,31,261.756,87,0,,3,1,0,0,70,169,25,8,overweight,0,0,13
22,,,,361,52,3,28,261.756,87,0,,1,1,0,4,80,172,27,8,overweight,0,0,10
4,,,,289,48,29,49,284.853,91,0,,0,0,0,2,108,172,36,1,obese,0,0,32
11,,,,235,16,8,32,284.853,91,0,,0,0,0,0,75,178,25,3,overweight,0,0,25
26,,,,246,25,16,41,284.853,91,0,,0,1,0,0,67,170,23,8,normal,0,0,24
14,,,,289,48,29,49,284.853,91,0,,0,0,0,2,108,172,36,3,obese,0,0,32
28,,,,291,31,12,40,284.853,91,0,,1,1,0,1,73,171,25,2,overweight,0,0,15
23,,,,118,10,10,37,284.853,91,0,,0,0,0,0,83,172,28,2,overweight,0,0,34
23,,,,289,48,29,49,284.853,91,0,,0,0,0,2,108,172,36,2,obese,0,0,32
23,,,,291,31,12,40,284.853,91,0,,1,1,0,1,73,171,25,1,overweight,0,0,15
23,,,,225,26,9,28,284.853,91,0,,1,0,0,2,69,169,24,2,normal,0,0,28
23,,,,369,17,12,31,284.853,91,0,,3,1,0,0,70,169,25,8,overweight,0,0,13
23,,,,369,17,12,31,284.853,91,0,,3,1,0,0,70,169,25,3,overweight,0,0,13
23,,,,225,26,9,28,284.853,91,0,,1,0,0,2,69,169,24,4,normal,0,0,28
26,,,,369,17,12,31,284.853,91,0,,3,1,0,0,70,169,25,8,overweight,0,0,13
28,,,,179,51,18,38,284.853,91,0,,0,1,0,0,89,170,31,3,obese,0,0,3
1,,,,228,14,16,58,284.853,91,0,,2,0,0,1,65,172,22,1,normal,0,0,9
23,,,,291,31,12,40,284.853,91,0,,1,1,0,1,73,171,25,1,overweight,0,0,15
10,,,,369,17,12,31,284.853,91,0,,3,1,0,0,70,169,25,8,overweight,0,0,13
13,,,,225,26,9,28,284.853,91,0,,1,0,0,2,69,169,24,1,normal,0,0,28
10,,,,369,17,12,31,284.853,91,0,,3,1,0,0,70,169,25,8,overweight,0,0,13
10,,,,225,26,9,28,284.853,91,0,,1,0,0,2,69,169,24,3,normal,0,0,28
23,,,,189,29,13,33,284.853,91,0,,2,0,0,2,69,167,25,8,overweight,0,0,6
6,,,,235,16,8,32,284.853,91,0,,0,0,0,0,75,178,25,8,overweight,0,0,25
10,,,,248,25,14,47,284.853,91,0,,2,0,0,1,86,165,32,8,obese,0,0,33
0,,,,225,26,9,28,284.853,91,1,,1,0,0,2,69,169,24,0,normal,0,0,28
13,,,,225,26,9,28,284.853,91,0,,1,0,0,2,69,169,24,3,normal,0,0,28
21,,,,179,51,18,38,268.519,93,0,,0,1,0,0,89,170,31,1,obese,0,0,3
28,,,,118,10,10,37,268.519,93,0,,0,0,0,0,83,172,28,3,overweight,0,0,34
2,,,,330,16,4,28,268.519,93,0,,0,0,0,0,84,182,25,24,overweight,0,1,18
28,,,,179,51,18,38,268.519,93,0,,0,1,0,0,89,170,31,1,obese,0,0,3
9,,,,118,10,10,37,268.519,93,0,,0,0,0,0,83,172,28,8,overweight,0,0,34
24,,,,289,36,13,33,268.519,93,0,,2,1,0,1,90,172,30,8,obese,0,0,11
1,,,,235,16,8,32,268.519,93,0,,0,0,0,0,75,178,25,8,overweight,0,0,25
23,,,,225,26,9,28,268.519,93,0,,1,0,0,2,69,169,24,4,normal,0,0,28
22,,,,361,52,3,28,268.519,93,0,,1,1,0,4,80,172,27,8,overweight,0,0,10
28,,,,291,31,12,40,268.519,93,0,,1,1,0,1,73,171,25,2,overweight,0,0,15
13,,,,118,10,10,37,268.519,93,0,,0,0,0,0,83,172,28,2,overweight,0,0,34
14,,,,225,26,9,28,268.519,93,0,,1,0,0,2,69,169,24,3,normal,0,0,28
28,,,,179,51,18,38,268.519,93,0,,0,1,0,0,89,170,31,1,obese,0,0,3
23,,,,118,10,10,37,268.519,93,0,,0,0,0,0,83,172,28,8,overweight,0,0,34
8,,,,118,10,10,37,268.519,93,0,,0,0,0,0,83,172,28,8,overweight,0,0,34
23,,,,225,26,9,28,268.519,93,0,,1,0,0,2,69,169,24,2,normal,0,0,28
0,,,,291,31,12,40,268.519,93,1,,1,1,0,1,73,171,25,0,overweight,0,0,15
0,,,,289,36,13,33,268.519,93,1,,2,1,0,1,90,172,30,0,obese,0,0,11
14,,,,248,25,14,47,268.519,93,0,,2,0,0,1,86,165,32,4,obese,0,0,33
0,,,,235,20,13,43,268.519,93,1,,1,1,0,0,106,167,38,0,obese,0,0,5
23,,,,225,26,9,28,268.519,93,0,,1,0,0,2,69,169,24,2,normal,0,0,28
26,,,,369,17,12,31,268.519,93,0,,3,1,0,0,70,169,25,8,overweight,0,0,13
28,,,,361,52,3,28,268.519,93,0,,1,1,0,4,80,172,27,2,overweight,0,0,10
13,,,,179,51,18,38,280.549,98,0,,0,1,0,0,89,170,31,32,obese,0,1,3
28,,,,291,31,12,40,280.549,98,0,,1,1,0,1,73,171,25,1,overweight,0,0,15
23,,,,225,26,9,28,280.549,98,0,,1,0,0,2,69,169,24,3,normal,0,0,28
13,,,,179,26,9,30,280.549,98,0,,0,0,0,0,56,171,19,1,normal,0,0,22
23,,,,225,26,9,28,280.549,98,0,,1,0,0,2,69,169,24,3,normal,0,0,28
23,,,,225,26,9,28,280.549,98,0,,1,0,0,2,69,169,24,3,normal,0,0,28
14,,,,361,52,3,28,280.549,98,0,,1,1,0,4,80,172,27,4,overweight,0,0,10
18,,,,179,22,17,40,280.549,98,0,,2,0,1,0,63,170,22,2,normal,0,0,17
26,,,,235,20,13,43,280.549,98,0,,1,1,0,0,106,167,38,8,obese,0,0,5
18,,,,233,51,1,31,280.549,98,0,,1,1,0,8,68,178,21,8,normal,0,0,12
13,,,,179,26,9,30,280.549,98,0,,0,0,0,0,56,171,19,16,normal,0,1,22
23,,,,225,26,9,28,280.549,98,0,,1,0,0,2,69,169,24,2,normal,0,0,28
23,,,,225,26,9,28,280.549,98,0,,1,0,0,2,69,169,24,3,normal,0,0,28
23,,,,225,26,9,28,280.549,98,0,,1,0,0,2,69,169,24,2,normal,0,0,28
18,,,,155,12,14,34,280.549,98,0,,2,1,0,0,95,196,25,80,overweight,0,1,14
12,,,,179,26,9,30,313.532,96,0,,0,0,0,0,56,171,19,24,normal,0,1,22
12,,,,179,26,9,30,313.532,96,0,,0,0,0,0,56,171,19,16,normal,0,1,22
25,,,,179,22,17,40,313.532,96,0,,2,0,1,0,63,170,22,2,normal,0,0,17
25,,,,179,22,17,40,313.532,96,0,,2,0,1,0,63,170,22,2,normal,0,0,17
13,,,,179,26,9,30,313.532,96,0,,0,0,0,0,56,171,19,3,normal,0,0,22
25,,,,179,22,17,40,313.532,96,0,,2,0,1,0,63,170,22,2,normal,0,0,17
10,,,,289,48,29,49,313.532,96,0,,0,0,0,2,108,172,36,8,obese,0,0,32
18,,,,179,22,17,40,313.532,96,0,,2,0,1,0,63,170,22,3,normal,0,0,17
27,,,,179,26,9,30,313.532,96,0,,0,0,0,0,56,171,19,2,normal,0,0,22
18,,,,155,12,14,34,313.532,96,0,,2,1,0,0,95,196,25,8,overweight,0,0,14
27,,,,179,26,9,30,313.532,96,0,,0,0,0,0,56,171,19,2,normal,0,0,22
27,,,,179,51,18,38,313.532,96,0,,0,1,0,0,89,170,31,3,obese,0,0,3
13,,,,289,36,13,33,313.532,96,0,,2,1,0,1,90,172,30,8,obese,0,0,11
27,,,,179,51,18,38,313.532,96,0,,0,1,0,0,89,170,31,3,obese,0,0,3
27,,,,179,51,18,38,313.532,96,0,,0,1,0,0,89,170,31,2,obese,0,0,3
13,,,,179,51,18,38,264.249,97,0,,0,1,0,0,89,170,31,8,obese,0,0,3
23,,,,225,26,9,28,264.249,97,0,,1,0,0,2,69,169,24,3,normal,0,0,28
1,,,,248,25,14,47,264.249,97,0,,2,0,0,1,86,165,32,8,obese,0,0,33
27,,,,179,51,18,38,264.249,97,0,,0,1,0,0,89,170,31,2,obese,0,0,3
28,,,,225,26,9,28,264.249,97,0,,1,0,0,2,69,169,24,3,normal,0,0,28
27,,,,179,51,18,38,264.249,97,0,,0,1,0,0,89,170,31,2,obese,0,0,3
27,,,,179,26,9,30,264.249,97,0,,0,0,0,0,56,171,19,2,normal,0,0,22
28,,,,225,15,15,41,264.249,97,0,,2,1,0,2,94,182,28,2,overweight,0,0,29
27,,,,179,51,18,38,264.249,97,0,,0,1,0,0,89,170,31,2,obese,0,0,3
19,,,,233,51,1,31,264.249,97,0,,1,1,0,8,68,178,21,2,normal,0,0,12
27,,,,179,51,18,38,264.249,97,0,,0,1,0,0,89,170,31,2,obese,0,0,3
7,,,,225,26,9,28,264.249,97,0,,1,0,0,2,69,169,24,8,normal,0,0,28
27,,,,179,51,18,38,264.249,97,0,,0,1,0,0,89,170,31,3,obese,0,0,3
27,,,,179,51,18,38,264.249,97,0,,0,1,0,0,89,170,31,3,obese,0,0,3
25,,,,225,26,9,28,264.249,97,0,,1,0,0,2,69,169,24,3,normal,0,0,28
13,,,,179,26,9,30,264.249,97,0,,0,0,0,0,56,171,19,2,normal,0,0,22
23,,,,179,22,17,40,264.249,97,0,,2,0,1,0,63,170,22,2,normal,0,0,17
27,,,,179,51,18,38,264.249,97,0,,0,1,0,0,89,170,31,3,obese,0,0,3
12,,,,233,51,1,31,264.249,97,0,,1,1,0,8,68,178,21,3,normal,0,0,12
27,,,,179,26,9,30,264.249,97,0,,0,0,0,0,56,171,19,2,normal,0,0,22
27,,,,179,51,18,38,264.249,97,0,,0,1,0,0,89,170,31,2,obese,0,0,3
13,,,,179,51,18,38,264.249,97,0,,0,1,0,0,89,170,31,8,obese,0,0,3
27,,,,179,51,18,38,264.249,97,0,,0,1,0,0,89,170,31,2,obese,0,0,3
25,,,,155,12,14,34,264.249,97,0,,2,1,0,0,95,196,25,5,overweight,0,0,14
25,,,,235,16,8,32,264.249,97,0,,0,0,0,0,75,178,25,3,overweight,0,0,25
27,,,,179,51,18,38,264.249,97,0,,0,1,0,0,89,170,31,2,obese,0,0,3
7,,,,225,26,9,28,264.249,97,0,,1,0,0,2,69,169,24,2,normal,0,0,28
27,,,,179,51,18,38,264.249,97,0,,0,1,0,0,89,170,31,2,obese,0,0,3
23,,,,248,25,14,47,264.249,97,0,,2,0,0,1,86,165,32,2,obese,0,0,33
25,,,,225,26,9,28,264.249,97,0,,1,0,0,2,69,169,24,2,normal,0,0,28
27,,,,179,51,18,38,264.249,97,0,,0,1,0,0,89,170,31,2,obese,0,0,3
27,,,,179,51,18,38,264.249,97,0,,0,1,0,0,89,170,31,2,obese,0,0,3
25,,,,235,16,8,32,264.249,97,0,,0,0,0,0,75,178,25,2,overweight,0,0,25
27,,,,179,51,18,38,222.196,99,0,,0,1,0,0,89,170,31,2,obese,0,0,3
23,,,,248,25,14,47,222.196,99,0,,2,0,0,1,86,165,32,2,obese,0,0,33
25,,,,228,14,16,58,222.196,99,0,,2,0,0,1,65,172,22,3,normal,0,0,9
25,,,,248,25,14,47,222.196,99,0,,2,0,0,1,86,165,32,3,obese,0,0,33
12,,,,228,14,16,58,222.196,99,0,,2,0,0,1,65,172,22,112,normal,0,1,9
27,,,,179,51,18,38,222.196,99,0,,0,1,0,0,89,170,31,2,obese,0,0,3
27,,,,225,26,9,28,222.196,99,0,,1,0,0,2,69,169,24,2,normal,0,0,28
27,,,,179,51,18,38,222.196,99,0,,0,1,0,0,89,170,31,3,obese,0,0,3
25,,,,225,26,9,28,222.196,99,0,,1,0,0,2,69,169,24,2,normal,0,0,28
27,,,,179,26,9,30,222.196,99,0,,0,0,0,0,56,171,19,3,normal,0,0,22
25,,,,235,16,8,32,222.196,99,0,,0,0,0,0,75,178,25,3,overweight,0,0,25
19,,,,361,52,3,28,222.196,99,0,,1,1,0,4,80,172,27,8,overweight,0,0,10
13,,,,179,51,18,38,222.196,99,0,,0,1,0,0,89,170,31,8,obese,0,0,3
27,,,,179,51,18,38,222.196,99,0,,0,1,0,0,89,170,31,2,obese,0,0,3
27,,,,179,51,18,38,222.196,99,0,,0,1,0,0,89,170,31,3,obese,0,0,3
27,,,,179,26,9,30,222.196,99,0,,0,0,0,0,56,171,19,2,normal,0,0,22
10,,,,179,51,18,38,222.196,99,0,,0,1,0,0,89,170,31,4,obese,0,0,3
13,,,,248,25,14,47,222.196,99,0,,2,0,0,1,86,165,32,2,obese,0,0,33
27,,,,179,51,18,38,222.196,99,0,,0,1,0,0,89,170,31,3,obese,0,0,3
7,,,,225,26,9,28,222.196,99,0,,1,0,0,2,69,169,24,8,normal,0,0,28
27,,,,179,51,18,38,222.196,99,0,,0,1,0,0,89,170,31,2,obese,0,0,3
23,,,,289,36,13,33,222.196,99,0,,2,1,0,1,90,172,30,8,obese,0,0,11
25,,,,228,14,16,58,222.196,99,0,,2,0,0,1,65,172,22,2,normal,0,0,9
27,,,,179,51,18,38,222.196,99,0,,0,1,0,0,89,170,31,2,obese,0,0,3
23,,,,248,25,14,47,222.196,99,0,,2,0,0,1,86,165,32,3,obese,0,0,33
27,,,,179,51,18,38,222.196,99,0,,0,1,0,0,89,170,31,3,obese,0,0,3
23,,,,179,26,9,30,222.196,99,0,,0,0,0,0,56,171,19,2,normal,0,0,22
27,,,,179,51,18,38,222.196,99,0,,0,1,0,0,89,170,31,3,obese,0,0,3
27,,,,179,51,18,38,222.196,99,0,,0,1,0,0,89,170,31,3,obese,0,0,3
23,,,,118,15,24,46,222.196,99,0,,2,1,1,0,75,175,25,8,overweight,1,0,16
13,,,,155,12,14,34,222.196,99,0,,2,1,0,0,95,196,25,24,overweight,0,1,14
27,,,,179,51,18,38,222.196,99,0,,0,1,0,0,89,170,31,3,obese,0,0,3
27,,,,179,51,18,38,222.196,99,0,,0,1,0,0,89,170,31,3,obese,0,0,3
13,,,,179,26,9,30,222.196,99,0,,0,0,0,0,56,171,19,2,normal,0,0,22
19,,,,289,36,13,33,222.196,99,0,,2,1,0,1,90,172,30,104,obese,0,1,11
22,,,,369,17,12,31,222.196,99,0,,3,1,0,0,70,169,25,8,overweight,0,0,13
13,,,,225,26,9,28,246.288,91,0,,1,0,0,2,69,169,24,8,normal,0,0,28
10,,,,118,10,10,37,246.288,91,0,,0,0,0,0,83,172,28,8,overweight,0,0,34
19,,,,361,52,3,28,246.288,91,0,,1,1,0,4,80,172,27,8,overweight,0,0,10
19,,,,248,25,14,47,246.288,91,0,,2,0,0,1,86,165,32,8,obese,0,0,33
13,,,,189,29,13,33,246.288,91,0,,2,0,0,2,69,167,25,8,overweight,0,0,6
27,,,,179,26,9,30,246.288,91,0,,0,0,0,0,56,171,19,2,normal,0,0,22
7,,,,369,17,12,31,246.288,91,0,,3,1,0,0,70,169,25,24,overweight,0,1,13
16,,,,179,22,17,40,246.288,91,0,,2,0,1,0,63,170,22,2,normal,0,0,17
23,,,,118,13,18,50,246.288,91,0,,1,1,0,0,98,178,31,3,obese,0,0,36
23,,,,361,52,3,28,246.288,91,0,,1,1,0,4,80,172,27,2,overweight,0,0,10
10,,,,118,10,10,37,246.288,91,0,,0,0,0,0,83,172,28,2,overweight,0,0,34
22,,,,235,11,14,37,246.288,91,0,,1,0,0,1,88,172,29,8,overweight,0,0,1
27,,,,179,26,9,30,246.288,91,0,,0,0,0,0,56,171,19,2,normal,0,0,22
19,,,,225,26,9,28,246.288,91,0,,1,0,0,2,69,169,24,8,normal,0,0,28
16,,,,235,16,8,32,246.288,91,0,,0,0,0,0,75,178,25,3,overweight,0,0,25
27,,,,179,26,9,30,246.288,91,0,,0,0,0,0,56,171,19,2,normal,0,0,22
28,,,,155,12,14,34,246.288,91,0,,2,1,0,0,95,196,25,4,overweight,0,0,14
19,,,,225,26,9,28,246.288,91,0,,1,0,0,2,69,169,24,8,normal,0,0,28
14,,,,118,13,18,50,246.288,91,0,,1,1,0,0,98,178,31,2,obese,0,0,36
27,,,,179,26,9,30,246.288,91,0,,0,0,0,0,56,171,19,2,normal,0,0,22
22,,,,235,11,14,37,237.656,99,0,,1,0,0,1,88,172,29,8,overweight,0,0,1
19,,,,225,15,15,41,237.656,99,0,,2,1,0,2,94,182,28,3,overweight,0,0,29
28,,,,235,16,8,32,237.656,99,0,,0,0,0,0,75,178,25,2,overweight,0,0,25
8,,,,118,10,10,37,237.656,99,0,,0,0,0,0,83,172,28,3,overweight,0,0,34
26,,,,235,20,13,43,237.656,99,0,,1,1,0,0,106,167,38,8,obese,0,0,5
13,,,,179,26,9,30,237.656,99,0,,0,0,0,0,56,171,19,1,normal,0,0,22
28,,,,291,31,12,40,237.656,99,0,,1,1,0,1,73,171,25,2,overweight,0,0,15
14,,,,225,15,15,41,237.656,99,0,,2,1,0,2,94,182,28,8,overweight,0,0,29
19,,,,300,26,13,43,237.656,99,0,,2,1,1,1,77,175,25,64,overweight,1,1,26
22,,,,225,15,15,41,237.656,99,0,,2,1,0,2,94,182,28,8,overweight,0,0,29
27,,,,179,26,9,30,237.656,99,0,,0,0,0,0,56,171,19,2,normal,0,0,22
23,,,,118,13,18,50,237.656,99,0,,1,1,0,0,98,178,31,2,obese,0,0,36
5,,,,118,13,18,50,237.656,99,0,,1,1,0,0,98,178,31,3,obese,0,0,36
28,,,,118,10,10,37,237.656,99,0,,0,0,0,0,83,172,28,1,overweight,0,0,34
0,,,,118,13,18,50,237.656,99,1,,1,1,0,0,98,178,31,0,obese,0,0,36
27,,,,179,26,9,30,237.656,99,0,,0,0,0,0,56,171,19,2,normal,0,0,22
0,,,,378,49,11,36,237.656,99,1,,2,0,1,4,65,174,21,0,normal,0,0,23
16,,,,179,22,17,40,237.656,99,0,,2,0,1,0,63,170,22,1,normal,0,0,17
10,,,,155,12,14,34,237.656,99,0,,2,1,0,0,95,196,25,48,overweight,0,1,14
10,,,,235,16,8,32,237.656,99,0,,0,0,0,0,75,178,25,8,overweight,0,0,25
22,,,,291,31,12,40,237.656,99,0,,1,1,0,1,73,171,25,8,overweight,0,0,15
10,,,,179,22,17,40,237.656,99,0,,2,0,1,0,63,170,22,8,normal,0,0,17
6,,,,225,26,9,28,237.656,99,0,,1,0,0,2,69,169,24,3,normal,0,0,28
10,,,,330,16,4,28,237.656,99,0,,0,0,0,0,84,182,25,8,overweight,0,0,18
23,,,,235,16,8,32,237.656,99,0,,0,0,0,0,75,178,25,2,overweight,0,0,25
28,,,,291,31,12,40,237.656,99,0,,1,1,0,1,73,171,25,2,overweight,0,0,15
27,,,,179,26,9,30,237.656,99,0,,0,0,0,0,56,171,19,2,normal,0,0,22
7,,,,361,52,3,28,237.656,99,0,,1,1,0,4,80,172,27,8,overweight,0,0,10
23,,,,155,12,14,34,237.656,99,0,,2,1,0,0,95,196,25,2,overweight,0,0,14
25,,,,179,22,17,40,237.656,99,0,,2,0,1,0,63,170,22,8,normal,0,0,17
10,,,,155,12,14,34,237.656,99,0,,2,1,0,0,95,196,25,8,overweight,0,0,14
11,,,,225,26,9,28,237.656,99,0,,1,0,0,2,69,169,24,1,normal,0,0,28
7,,,,118,15,24,46,275.089,96,0,,2,1,1,0,75,175,25,8,overweight,1,0,16
27,,,,179,26,9,30,275.089,96,0,,0,0,0,0,56,171,19,3,normal,0,0,22
26,,,,118,10,10,37,275.089,96,0,,0,0,0,0,83,172,28,8,overweight,0,0,34
10,,,,118,10,10,37,275.089,96,0,,0,0,0,0,83,172,28,8,overweight,0,0,34
22,,,,378,49,11,36,275.089,96,0,,2,0,1,4,65,174,21,8,normal,0,0,23
19,,,,118,13,18,50,275.089,96,0,,1,1,0,0,98,178,31,24,obese,0,1,36
19,,,,233,51,1,31,275.089,96,0,,1,1,0,8,68,178,21,8,normal,0,0,12
27,,,,179,26,9,30,275.089,96,0,,0,0,0,0,56,171,19,2,normal,0,0,22
0,,,,235,29,12,48,275.089,96,1,,1,0,1,5,88,163,33,0,obese,0,0,2
0,,,,268,11,8,33,275.089,96,1,,0,0,0,0,79,178,25,0,overweight,0,0,21
19,,,,118,13,18,50,275.089,96,0,,1,1,0,0,98,178,31,3,obese,0,0,36
13,,,,179,26,9,30,275.089,96,0,,0,0,0,0,56,171,19,2,normal,0,0,22
28,,,,291,31,12,40,275.089,96,0,,1,1,0,1,73,171,25,2,overweight,0,0,15
13,,,,179,26,9,30,275.089,96,0,,0,0,0,0,56,171,19,3,normal,0,0,22
25,,,,118,10,10,37,275.089,96,0,,0,0,0,0,83,172,28,3,overweight,0,0,34
22,,,,233,51,1,31,275.089,96,0,,1,1,0,8,68,178,21,8,normal,0,0,12
8,,,,118,10,10,37,275.089,96,0,,0,0,0,0,83,172,28,2,overweight,0,0,34
10,,,,118,10,10,37,275.089,96,0,,0,0,0,0,83,172,28,3,overweight,0,0,34
22,,,,233,51,1,31,275.089,96,0,,1,1,0,8,68,178,21,3,normal,0,0,12
26,,,,235,20,13,43,264.604,93,0,,1,1,0,0,106,167,38,4,obese,0,0,5
19,,,,233,51,1,31,264.604,93,0,,1,1,0,8,68,178,21,2,normal,0,0,12
6,,,,228,14,16,58,264.604,93,0,,2,0,0,1,65,172,22,8,normal,0,0,9
28,,,,118,10,10,37,264.604,93,0,,0,0,0,0,83,172,28,4,overweight,0,0,34
6,,,,228,14,16,58,264.604,93,0,,2,0,0,1,65,172,22,120,normal,0,1,9
22,,,,189,29,13,33,264.604,93,0,,2,0,0,2,69,167,25,16,overweight,0,1,6
23,,,,118,10,10,37,264.604,93,0,,0,0,0,0,83,172,28,2,overweight,0,0,34
22,,,,361,52,3,28,264.604,93,0,,1,1,0,4,80,172,27,8,overweight,0,0,10
22,,,,225,26,9,28,264.604,93,0,,1,0,0,2,69,169,24,8,normal,0,0,28
13,,,,369,17,12,31,264.604,93,0,,3,1,0,0,70,169,25,80,overweight,0,1,13
14,,,,289,36,13,33,264.604,93,0,,2,1,0,1,90,172,30,8,obese,0,0,11
11,,,,235,11,14,37,264.604,93,0,,1,0,0,1,88,172,29,4,overweight,0,0,1
0,,,,118,14,13,40,271.219,95,0,,1,1,0,8,98,170,34,0,obese,0,0,4
0,,,,231,35,14,39,271.219,95,0,,2,1,0,2,100,170,35,0,obese,0,0,8
0,,,,179,45,14,53,271.219,95,0,,1,0,0,1,77,175,25,0,overweight,0,0,35
